RTF,FT4,FT3,TSH
0.0,1.6920871821760953e-83,2.349784283501966,0.10132988783919805
0.001001001001001001,0.0008814184476313618,2.3485969355030063,0.09929740005897032
0.002002002002002002,0.0017608901971082988,2.3474145619056754,0.09675133148528872
0.003003003003003003,0.0026384730442750213,2.3462576973624496,0.0958644449804513
0.004004004004004004,0.003514445157165488,2.345181557973425,0.10375409604715931
0.005005005005005005,0.004388350474985678,2.3440450817775536,0.10332482863680179
0.006006006006006006,0.005260331751512139,2.3429069591638894,0.10124660609402354
0.007007007007007007,0.006130581593414267,2.341794358642878,0.10184324705264158
0.008008008008008008,0.006998944071686998,2.3406829501167774,0.10099366980735922
0.009009009009009009,0.007865438189905653,2.339574022987604,0.09948981656564636
0.01001001001001001,0.008730344336272986,2.338493857206739,0.10111643398035261
0.011011011011011011,0.009593074340011418,2.337386404920676,0.09772140507070733
0.012012012012012012,0.010454571709576043,2.336336574875461,0.10030826736614959
0.013013013013013013,0.01131363997348946,2.3352377395008586,0.09634577588072665
0.014014014014014014,0.012171090206635836,2.3341634298601304,0.09372725677651048
0.015015015015015015,0.013026977327740968,2.333109798079671,0.09289162660547938
0.016016016016016016,0.013881234930577335,2.3320694192079845,0.09289738985780649
0.017017017017017015,0.014733758126042069,2.331035463043608,0.09264542926061985
0.018018018018018018,0.015584564264113776,2.330008433509776,0.09221317706238386
0.01901901901901902,0.016434036744091583,2.329003896622507,0.09436947872954257
0.02002002002002002,0.01728192826287775,2.3280097789442817,0.09682358505617993
0.02102102102102102,0.01812760531650471,2.3269995175801506,0.0954732822075667
0.022022022022022022,0.018971666935257956,2.3259992133340104,0.09437401098808532
0.023023023023023025,0.01981394685334125,2.3250026113810653,0.09240882289791741
0.024024024024024024,0.020655259642928026,2.3240345988053903,0.09446644020157433
0.025025025025025023,0.021495578944509937,2.3230958374249813,0.0993213049386122
0.026026026026026026,0.02233206769804624,2.3220902149373717,0.0926115904039982
0.02702702702702703,0.02316893916855854,2.321152438911459,0.09624121834875707
0.028028028028028028,0.02400320424963611,2.3201936236209972,0.0944539100892132
0.029029029029029027,0.024836158484351764,2.3192494278583955,0.09398110397666717
0.03003003003003003,0.02566703412189934,2.3183016460702195,0.09093749801496157
0.031031031031031032,0.02649668754908497,2.3173692202082803,0.0895533236692311
0.03203203203203203,0.027325041951355745,2.3164485743195273,0.08935647112757829
0.03303303303303303,0.028152005578844858,2.3155371760487187,0.0897804089514042
0.03403403403403403,0.028977125262250596,2.3146275216034917,0.08864651524230817
0.035035035035035036,0.029800998787843296,2.3137288822277875,0.08870728596177702
0.036036036036036036,0.030622955559220837,2.3128316364712416,0.08685879699601276
0.037037037037037035,0.0314440601757512,2.311949390777123,0.08783393417058387
0.03803803803803804,0.03226195699665836,2.3110551212262456,0.08122411962886855
0.03903903903903904,0.033087997579463534,2.3102993856727734,0.1122937400869127
0.04004004004004004,0.03389927712528627,2.309350857325135,0.09303367521374895
0.04104104104104104,0.03471249699073133,2.308481095517218,0.08488768900193627
0.04204204204204204,0.03552610235666159,2.3076296936367107,0.08479323814028451
0.043043043043043044,0.03633966127481496,2.3067884383490034,0.09073930725399815
0.044044044044044044,0.0371493404430044,2.305939987446323,0.0865011740924303
0.04504504504504504,0.03795884218099108,2.3051090530571443,0.08686746406270245
0.04604604604604605,0.03876517647745989,2.304273148899195,0.08067444651276248
0.04704704704704705,0.03957337929766806,2.303475915981858,0.08540382364894947
0.04804804804804805,0.04037809465905926,2.302656535209815,0.08385298106551041
0.04904904904904905,0.041180848431197674,2.3018373477576892,0.08059445970801979
0.050050050050050046,0.041994256683848756,2.301140114526512,0.11341780373790702
0.05105105105105105,0.04279578644940478,2.3003468459644294,0.11387538234070886
0.05205205205205205,0.04358453587911175,2.2994601698198642,0.0811046835620921
0.05305305305305305,0.04439349778851322,2.298757440474266,0.11179417118678847
0.05405405405405406,0.04517889063164458,2.2978928887080436,0.0774777156464092
0.055055055055055056,0.04598596469999374,2.2972001134495206,0.10945942831936435
0.056056056056056056,0.046780040917907814,2.2964293198836403,0.10782926774988152
0.057057057057057055,0.04757272184114712,2.2956643500135736,0.1059700559389326
0.058058058058058054,0.04835917086179222,2.294874672475472,0.09091015449246528
0.05905905905905906,0.04914810831622232,2.294122481923462,0.08572848002995417
0.06006006006006006,0.04993728322231627,2.2933826382082043,0.0848922993156204
0.06106106106106106,0.05073313161007059,2.292687356462876,0.10488832344083429
0.062062062062062065,0.051519033850075294,2.2919510896514006,0.10210174359480355
0.06306306306306306,0.052299388451410765,2.291202480283787,0.08839838329499856
0.06406406406406406,0.053082291254885505,2.290483413009775,0.08410614313369927
0.06506506506506507,0.05386602518604252,2.2897866550897694,0.08437845875428965
0.06606606606606606,0.054647730615688075,2.2890796968974096,0.08371840286036061
0.06706706706706707,0.05542822798504626,2.288378579220419,0.08308361326960453
0.06806806806806806,0.056206974980980665,2.287679661767089,0.08130435668726409
0.06906906906906907,0.05698596855921682,2.286995840567436,0.08259635929321611
0.07007007007007007,0.05776350804295151,2.286315794994315,0.08329977988416827
0.07107107107107107,0.05853893730947226,2.285635243531892,0.08211831537548227
0.07207207207207207,0.05931311795016734,2.2849601309070575,0.08080259261275147
0.07307307307307308,0.06008607743191735,2.284290616082017,0.07939279483061232
0.07407407407407407,0.060858932285534115,2.2836318892047283,0.08014426389609804
0.07507507507507508,0.06162911104671922,2.282971427081764,0.07782803950944159
0.07607607607607608,0.062414721468685576,2.28236285890162,0.1105417914204803
0.07707707707707707,0.0631812235485418,2.2817023539425136,0.10547708903967545
0.07807807807807808,0.06395010910945668,2.2810657237286565,0.10704302463065199
0.07907907907907907,0.06471283887195389,2.280415030419703,0.09890140177817743
0.08008008008008008,0.06548270355183669,2.279799274158624,0.10675870130514267
0.08108108108108109,0.06624736635033382,2.2791739921221827,0.10668933113212786
0.08208208208208208,0.06700077743629884,2.2785297836915035,0.08690609256546564
0.08308308308308308,0.0677621330069306,2.2779159822162898,0.08472461577047646
0.08408408408408408,0.06852100629735051,2.2773116898852193,0.07936248569638842
0.08508508508508508,0.0692812743198202,2.276708249811826,0.07955048124513729
0.08608608608608609,0.07003950742783219,2.276106577057632,0.07805707521699409
0.08708708708708708,0.07079982697427127,2.275521019283206,0.08201937257057657
0.08808808808808809,0.0715559205402099,2.2749285930588306,0.08058109719835944
0.0890890890890891,0.07231102743175562,2.2743417738102663,0.0792723711188047
0.09009009009009009,0.07306452279711939,2.2737587303454703,0.07702008050484774
0.09109109109109109,0.07381948671162016,2.2731875756656414,0.0790311217194882
0.0920920920920921,0.07457053173930231,2.272613592157889,0.07621642945450613
0.09309309309309309,0.07534274261745125,2.2720828783393,0.11126201681002598
0.0940940940940941,0.07609295555685908,2.271519222028657,0.11027030984868498
0.09509509509509509,0.07684097165812197,2.2709490057718296,0.10807445596667442
0.0960960960960961,0.07758913974907908,2.270395201677185,0.10711980744771225
0.0970970970970971,0.07833550498478001,2.2698438943430372,0.10497605104575043
0.0980980980980981,0.07908357639442495,2.26930562278435,0.10692146108017772
0.0990990990990991,0.07982827944121998,2.2687647377296853,0.10533034163655604
0.10010010010010009,0.08057208221520254,2.268229147626736,0.10388364447087137
0.1011011011011011,0.0813166197626047,2.2677026260460025,0.10499621078885964
0.1021021021021021,0.08205871835288694,2.267176915840896,0.10396601142818089
0.1031031031031031,0.08280079317907321,2.266658101652004,0.10432839535076263
0.1041041041041041,0.08354060844988218,2.266140843318394,0.10283045887180804
0.10510510510510511,0.08428038800489226,2.265630166046097,0.10268473846644537
0.1061061061061061,0.08501848608970239,2.265122635972981,0.10150365340935978
0.10710710710710711,0.08575546819775023,2.2646196120281603,0.10009032802587026
0.10810810810810811,0.08649349316684127,2.2641237890605663,0.1015573563128396
0.1091091091091091,0.08722887550224918,2.2636298755610023,0.10058897934331638
0.11011011011011011,0.0879663517280567,2.2631452982677014,0.10382730348119933
0.1111111111111111,0.08869313401925598,2.2626564848316257,0.09310596404333546
0.11211211211211211,0.08943300162283516,2.262179321935023,0.10268886128326349
0.11311311311311312,0.09016431110575426,2.261701871218748,0.10128284216126052
0.11411411411411411,0.09089504883933486,2.2612294328829288,0.10034636700854582
0.11511511511511512,0.0916250347997952,2.2607615423661396,0.09963178726925327
0.11611611611611611,0.09235420957507236,2.2602980277756144,0.09905146065198371
0.11711711711711711,0.0930825470681582,2.2598387945745735,0.09856258785048769
0.11811811811811812,0.09381003665695761,2.2593837817217453,0.09814327247544405
0.11911911911911911,0.09453667506691107,2.2589329418060418,0.09778170478054993
0.12012012012012012,0.09526654610710875,2.2584901079157698,0.10272998220271598
0.12112112112112113,0.09599127094865079,2.258046778276396,0.10217703652809462
0.12212212212212212,0.09671562710841833,2.257608276843837,0.10225329426485588
0.12312312312312312,0.09743805850267352,2.257172361615681,0.10104207023328102
0.12412412412412413,0.09816077711809883,2.2567419894560383,0.10124947999302436
0.12512512512512514,0.0988813666714738,2.256314185877928,0.09991392560267076
0.12612612612612611,0.09960206525921282,2.255891415410527,0.09976401129681495
0.12712712712712712,0.10032102073009261,2.2554719788913564,0.09852812150184619
0.12812812812812813,0.10103888524393496,2.2550569375393326,0.09697434275044976
0.12912912912912913,0.10176018286551484,2.254647661207017,0.10064336338178351
0.13013013013013014,0.10247485357750503,2.254238857317306,0.09733592083772016
0.13113113113113112,0.10319176108705493,2.253835653036293,0.09772250184258038
0.13213213213213212,0.10390508132162321,2.2534416895873006,0.0943768155793154
0.13313313313313313,0.10462493141287499,2.2530423354319042,0.10056845505063901
0.13413413413413414,0.1053354108768217,2.2526489431290453,0.09631338456153016
0.13513513513513514,0.10604791371953133,2.2522618139552533,0.09531256407361921
0.13613613613613612,0.10675976257773523,2.251880689290691,0.09435462514432273
0.13713713713713713,0.10747432968751966,2.2514959272721446,0.09801380146517083
0.13813813813813813,0.10818089682001197,2.251123512143864,0.09272718218337908
0.13913913913913914,0.10888787036263163,2.2507451818601902,0.0895611828353728
0.14014014014014015,0.10960168876148443,2.2503786313552725,0.09454767850619496
0.14114114114114115,0.11030581003238962,2.25000990338953,0.08984016386300442
0.14214214214214213,0.11101120872853676,2.2496475508622478,0.08732079838071818
0.14314314314314314,0.11171161733259723,2.2493075716179063,0.07889814386023257
0.14414414414414414,0.11241591803887507,2.248949972113971,0.07716856436283501
0.14514514514514515,0.11311877343258905,2.2485958957819263,0.07473835827491958
0.14614614614614616,0.11385569293869202,2.2482606579867506,0.10889435076673588
0.14714714714714713,0.11452555869115566,2.247902539909666,0.0733349284667423
0.14814814814814814,0.11525930447648898,2.2475608042228257,0.10613352686772375
0.14914914914914915,0.11595993531351674,2.2472202866285,0.10446978684221223
0.15015015015015015,0.11666067227641645,2.2468849987562045,0.10361200217429482
0.15115115115115116,0.11736174559683377,2.246554944283818,0.10377283827529948
0.15215215215215216,0.11805377436481337,2.2462208569719135,0.09589248348511845
0.15315315315315314,0.1187519613816677,2.245898236671878,0.09464099937479857
0.15415415415415415,0.11946463321539318,2.2456009265336965,0.10736155067636957
0.15515515515515516,0.12016038877130315,2.2452722389928503,0.10593075038870156
0.15615615615615616,0.12085393471352361,2.244952863322456,0.10265097711371411
0.15715715715715717,0.12154212825454887,2.2446375853934164,0.09478544784153695
0.15815815815815815,0.12223663654166514,2.244337195149724,0.09319256801667655
0.15915915915915915,0.122929157943204,2.244029040469866,0.09111397817331109
0.16016016016016016,0.12361818642362912,2.2437260832164476,0.0862443608934245
0.16116116116116116,0.12431285634028781,2.2434290649490327,0.08739200187949435
0.16216216216216217,0.124991912701186,2.243147914125838,0.07341473694142904
0.16316316316316315,0.1256829042748,2.242856959176789,0.072505106956566
0.16416416416416416,0.1264132299084228,2.242587540786455,0.10816129285672056
0.16516516516516516,0.12710405993413693,2.2423039924333095,0.10810994384290876
0.16616616616616617,0.12779326459654575,2.2420218792338247,0.10730815310843826
0.16716716716716717,0.12847686176866535,2.2417265453868156,0.1030594553238811
0.16816816816816815,0.12914435636464697,2.241443873275701,0.0841109036986998
0.16916916916916916,0.129834387948186,2.241171894309676,0.08608418558983898
0.17017017017017017,0.1305436031421881,2.2409184346159177,0.10499194802326887
0.17117117117117117,0.13122996699066622,2.2406533577710315,0.10467066654601428
0.17217217217217218,0.13191422151201845,2.2403890778201676,0.10322123997164631
0.17317317317317318,0.1325987091803943,2.240129525861831,0.1024844369873839
0.17417417417417416,0.13328614397994132,2.239878792793168,0.10456417293369272
0.17517517517517517,0.13396854746754688,2.2396240457589864,0.10325019934101373
0.17617617617617617,0.13465079961930176,2.239373369212333,0.1023282228544311
0.17717717717717718,0.13533268199323156,2.239126269908463,0.10162920928576061
0.1781781781781782,0.13601409579640011,2.238882525251765,0.10107422030800997
0.17917917917917917,0.1366949900983843,2.2386420164971557,0.10062070477560799
0.18018018018018017,0.13737535480901625,2.2384046927234165,0.10025756328431727
0.18118118118118118,0.1380550316350273,2.238170335897826,0.09986006168352234
0.18218218218218218,0.13873563035683864,2.2379408647571166,0.10064830118654751
0.1831831831831832,0.1394120732869814,2.2377102227466006,0.09876313684850521
0.1841841841841842,0.14009041057101743,2.2374854500931334,0.09880078488102867
0.18518518518518517,0.14076621123375038,2.2372618326654705,0.09738379012215168
0.18618618618618618,0.14144686653255512,2.237046672193749,0.10010068996617169
0.1871871871871872,0.14212112852234293,2.236828230465854,0.09849588529091617
0.1881881881881882,0.14279640372987107,2.236614610975745,0.09810299729514384
0.1891891891891892,0.14347168349627348,2.2364045081549477,0.09817013200595161
0.19019019019019018,0.14415019562520653,2.236201932697459,0.1010002682608792
0.19119119119119118,0.1448203489891689,2.2359928988628397,0.09825018828788479
0.1921921921921922,0.14549371408405382,2.2357913364136914,0.09824458974556823
0.1931931931931932,0.1461631453899605,2.235589801348431,0.0958101330939545
0.1941941941941942,0.14683305922290996,2.235393025458641,0.09412377388528062
0.19519519519519518,0.14750332352460166,2.2352002469257113,0.09311369751673684
0.1961961961961962,0.14818002583214024,2.235012303443854,0.09738855170882936
0.1971971971971972,0.1488464610521173,2.234822149219371,0.09453317853296697
0.1981981981981982,0.14951408420714293,2.234637741715999,0.09287313932787504
0.1991991991991992,0.15017690952034526,2.2344522729373444,0.08828682449217433
0.20020020020020018,0.15086081373111454,2.234282326213417,0.099221320040358
0.2012012012012012,0.15152121855589326,2.2340996788547356,0.0938765100745573
0.2022022022022022,0.15218608806823322,2.233930730917093,0.09165246359547886
0.2032032032032032,0.15284199999689402,2.233748915117939,0.08422461306662414
0.2042042042042042,0.15350497922183637,2.233581057409493,0.08179396162344385
0.20520520520520522,0.15416844710494934,2.233416436674107,0.08012629339545116
0.2062062062062062,0.15483192839028867,2.2332545766932106,0.07889010206031548
0.2072072072072072,0.15549524498680867,2.233095297839875,0.07795794713916496
0.2082082082082082,0.1561999973074514,2.2329731301037548,0.10505799437545398
0.2092092092092092,0.156860269492855,2.2328044975701076,0.10351316360458326
0.21021021021021022,0.15752198394119177,2.2326502635185634,0.10267863386298733
0.2112112112112112,0.15818335419927138,2.232499103849768,0.10197066754702915
0.2122122122122122,0.15884433470490505,2.232350890553467,0.10136017233906584
0.2132132132132132,0.1595095711676065,2.2322132795094682,0.10361787152548144
0.21421421421421422,0.16016760309153916,2.232066994918943,0.10190869725152085
0.21521521521521522,0.16082611471458613,2.2319252898009347,0.10080041326894766
0.21621621621621623,0.16148463512795136,2.231787141103708,0.10001848468378734
0.2172172172172172,0.1621429714721541,2.2316521436506074,0.0994474704301954
0.2182182182182182,0.1627991318499895,2.2315176357986877,0.09788821292266292
0.21921921921921922,0.1634533946502599,2.2313847791378336,0.09547267083306024
0.22022022022022023,0.16411010129183842,2.2312578738510442,0.09487453653936719
0.22122122122122123,0.16476657262411815,2.231133804580502,0.09445531740868887
0.2222222222222222,0.1654227250576233,2.231012443300064,0.09416173795086231
0.22322322322322322,0.16607851263144804,2.2308937203745565,0.09396314131621232
0.22422422422422422,0.16673360261642906,2.230777405591302,0.09365007412534848
0.22522522522522523,0.16739535968998803,2.230670495413846,0.09763350001597555
0.22622622622622623,0.1680429538856615,2.230552707824404,0.09346145671780126
0.2272272272272272,0.16869713872353984,2.2304442407148874,0.09353217649548748
0.22822822822822822,0.16935049465310523,2.2303380557697072,0.09340162847293003
0.22922922922922923,0.17000323630439435,2.2302342742521093,0.09320152127329413
0.23023023023023023,0.17066012607216519,2.230136817911837,0.09574410671067413
0.23123123123123124,0.1713072773398062,2.230034120372642,0.0928314070462406
0.23223223223223222,0.17197322867427786,2.2299550026898167,0.10091052687282084
0.23323323323323322,0.17262257892084593,2.2298584689697485,0.09992708121830392
0.23423423423423423,0.1732718095919449,2.2297650374642695,0.09914322548292731
0.23523523523523523,0.17388414873148622,2.2296523579685665,0.07690745124523002
0.23623623623623624,0.17453240065904485,2.2295752167663667,0.07555637438179377
0.23723723723723725,0.17522343989361014,2.2295096118391613,0.10044327604649823
0.23823823823823823,0.17586953594659588,2.2294238098115713,0.09904021543703352
0.23923923923923923,0.17651578267742413,2.229341561204626,0.09796436505484571
0.24024024024024024,0.17716194000353117,2.2292623635122,0.09709178432094599
0.24124124124124124,0.17780789111134,2.229185973218599,0.0963607329000333
0.24224224224224225,0.17845357057942318,2.2291122492358357,0.09573581001146415
0.24324324324324323,0.17909893743539113,2.229041101830487,0.09519405623620081
0.24424424424424424,0.17974328377796545,2.2289717565928706,0.09435423922361086
0.24524524524524524,0.18038818140797036,2.2289058486131608,0.0940589468313817
0.24624624624624625,0.1810327915060537,2.228842428893849,0.09385651304361867
0.24724724724724725,0.1816768245133243,2.2287812053552987,0.09358992910102296
0.24824824824824826,0.18232033643059292,2.228722232116964,0.09328800367899927
0.24924924924924924,0.1829634935756391,2.2286656466676695,0.09303861175755768
0.2502502502502503,0.1836065632833157,2.2286116433030116,0.09298340542431219
0.25125125125125125,0.18424885943592795,2.2285596461180788,0.09275380542009541
0.25225225225225223,0.18489074981877765,2.2285099535120727,0.09254528078104673
0.25325325325325326,0.18553238611260073,2.228462658543651,0.0924374219924962
0.25425425425425424,0.18617352739356918,2.2284175719702257,0.09230030986673635
0.2552552552552553,0.1868141596720006,2.2283746786090015,0.09212552783908827
0.25625625625625625,0.18745319760021378,2.2283335124769335,0.09132397833721868
0.25725725725725723,0.18809647957833903,2.228297394558218,0.09300327201087417
0.25825825825825827,0.18873430594731883,2.2282599104927394,0.0920516196900185
0.25925925925925924,0.1893723727280949,2.2282254450189827,0.09143507825238584
0.2602602602602603,0.19001021101329602,2.2281935768716297,0.09091045334872547
0.26126126126126126,0.19064902114386106,2.228164174940374,0.09114747144416115
0.26226226226226224,0.1912857689246637,2.228136999152776,0.0904739575637092
0.26326326326326327,0.1919121963575192,2.22809963338562,0.08507600314626648
0.26426426426426425,0.19254639035903484,2.2280739207584723,0.08366097768737173
0.2652652652652653,0.19318090810275307,2.228051422330184,0.08260061651761075
0.26626626626626626,0.19381584535257607,2.228031818419784,0.08195856718333103
0.26726726726726724,0.19444971625279983,2.2280140896046983,0.08098301556930429
0.2682682682682683,0.19508356185941642,2.227998841388062,0.08020230969112731
0.26926926926926925,0.1957172671277358,2.2279859234483785,0.07955920994399367
0.2702702702702703,0.19635075917283326,2.227975252059103,0.0790162321815222
0.27127127127127126,0.1969839941545668,2.2279667777901095,0.07855005094022002
0.27227227227227224,0.1976265397569708,2.227965378545731,0.08294219793354243
0.2732732732732733,0.19825530546279718,2.227958376066633,0.08068391907740709
0.27427427427427425,0.19888547884197413,2.2279552127507345,0.07929208116625479
0.2752752752752753,0.1995161261514864,2.2279547531081114,0.0783302588880698
0.27627627627627627,0.20015575551696033,2.2279607971290196,0.0820028977948577
0.2772772772772773,0.20078383600350208,2.227962872281303,0.08020357131546414
0.2782782782782783,0.2014468640399969,2.2280003435786577,0.09476151067716902
0.27927927927927926,0.2020761235740332,2.228006695915706,0.09391542601461877
0.2802802802802803,0.20270547298069963,2.228015813468074,0.09327850645742848
0.28128128128128127,0.2033348619545286,2.228027545082253,0.0928293649363159
0.2822822822822823,0.20396444451798829,2.2280419894161665,0.09263664150030711
0.2832832832832833,0.20459399222666588,2.22805884773181,0.09259689976534713
0.28428428428428426,0.20522100485655428,2.2280755076324623,0.09159529479312052
0.2852852852852853,0.2058481801168565,2.228095072507673,0.09082108433711485
0.2862862862862863,0.20647558597067478,2.2281174259611016,0.0903102466546484
0.2872872872872873,0.20711090904401744,2.228149387051627,0.0934981106783251
0.2882882882882883,0.20773520447388574,2.228172332035005,0.09199484008117687
0.28928928928928926,0.20836026086279852,2.228199083061212,0.09095877428011565
0.2902902902902903,0.20898917959331928,2.228231778032482,0.09178688864961797
0.2912912912912913,0.209613312666373,2.2282624142062906,0.0906675911331953
0.2922922922922923,0.2102382786218197,2.228296534233529,0.09005482085724834
0.2932932932932933,0.21086407486023387,2.2283332777274167,0.08998727703515838
0.29429429429429427,0.21148808681437153,2.2283724313730717,0.08920415879117236
0.2952952952952953,0.2121126109567495,2.2284159532257495,0.08871022690068271
0.2962962962962963,0.21273955171003048,2.228455294245038,0.08988764311433581
0.2972972972972973,0.2133621443824218,2.2285011389582925,0.08889277087974837
0.2982982982982983,0.2139856465516309,2.2285514393571906,0.08836470017403472
0.29929929929929927,0.21460730218867347,2.2285951090868963,0.08760047784015673
0.3003003003003003,0.21522891185891427,2.2286409915992382,0.08696845669585766
0.3013013013013013,0.21585072556866636,2.2286905290757586,0.08650410414757621
0.3023023023023023,0.21647251176178414,2.2287428478642446,0.08614304720663377
0.3033033033033033,0.21709415961100068,2.22879755643728,0.08585228743555026
0.30430430430430433,0.21771561169896986,2.2288544667851444,0.08561323693184852
0.3053053053053053,0.2183382598887182,2.22891586813697,0.08594407297372568
0.3063063063063063,0.21895762281180048,2.2289742383166793,0.08517732327477189
0.3073073073073073,0.21957908920563057,2.2290384394969136,0.0853221792713963
0.3083083083083083,0.22019635056970496,2.2290990045977077,0.08398950920393092
0.30930930930930933,0.22082321385520426,2.229176585769497,0.08637879556222869
0.3103103103103103,0.2214382537182133,2.2292373352689534,0.0845328978727783
0.3113113113113113,0.22205462666221787,2.229304051643238,0.08323078775125989
0.3123123123123123,0.22267139385637166,2.229373953977266,0.082190853151314
0.3133133133133133,0.2232882672700308,2.229446388003212,0.08131446466508388
0.31431431431431434,0.22390511221253356,2.2295210840153734,0.08055268922050965
0.3153153153153153,0.22454445373220433,2.2296272303391858,0.08838811551391024
0.3163163163163163,0.225162330612864,2.2297090943322173,0.08815493949979815
0.3173173173173173,0.22577994663936735,2.2297927585870956,0.08794785090107704
0.3183183183183183,0.22639683261173285,2.2298762024133603,0.08766749363431754
0.31931931931931934,0.22701294446007067,2.229959272192539,0.087303334665611
0.3203203203203203,0.22762869659230897,2.2300438081921827,0.08693858504188663
0.3213213213213213,0.228244231718227,2.230130489893612,0.08659810699086903
0.32232232232232233,0.22885950856162132,2.230219247870068,0.08626623316081417
0.3233233233233233,0.22947448179056096,2.230309962772286,0.08592847953201478
0.32432432432432434,0.23008915423216555,2.2304026160038317,0.08558605363475798
0.3253253253253253,0.2307035660050246,2.2304972430482453,0.08525333167334868
0.3263263263263263,0.23131775835338247,2.230593868948074,0.08494551496852294
0.32732732732732733,0.23193174591588345,2.230692471989509,0.08466869463254369
0.3283283283283283,0.23254552987657418,2.2307930171858645,0.08442385557790426
0.32932932932932935,0.23315909229660342,2.2308954498991707,0.08420490940963765
0.3303303303303303,0.23377234508058642,2.23099962511651,0.0839809820078887
0.3313313313313313,0.23438514643870373,2.2311053408336043,0.08370207341595033
0.33233233233233234,0.23499762430630006,2.2312127760595297,0.08341216528961003
0.3333333333333333,0.23557335779954386,2.2312931598468486,0.06936396635515632
0.33433433433433435,0.2362833431563555,2.2315330866528655,0.10323612952860406
0.3353353353353353,0.2368350699723078,2.2315477641606587,0.0831558758704202
0.3363363363363363,0.23744629025977929,2.23166197707227,0.08283159061409248
0.33733733733733734,0.23805737741390529,2.2317781095806333,0.08256031554498602
0.3383383383383383,0.23866839586778857,2.2318962165017204,0.08236417113491701
0.33933933933933935,0.23928151405760953,2.232018968714725,0.08299081908346444
0.34034034034034033,0.23989123479613425,2.2321394996205512,0.08254233622186906
0.34134134134134136,0.24050106080065933,2.2322622326544934,0.08222573795965145
0.34234234234234234,0.2411108529592178,2.232386953198897,0.0819933677665969
0.3433433433433433,0.24172055177222607,2.2325135685685376,0.08182415253631611
0.34434434434434436,0.2423301321194939,2.2326420328157957,0.08170877200795786
0.34534534534534533,0.24293958950560945,2.2327723322284783,0.08164465900377284
0.34634634634634637,0.2435489075941049,2.2329044375533655,0.08162535458291004
0.34734734734734735,0.24415801244691662,2.233038258258986,0.08162468300599232
0.3483483483483483,0.24476671397571798,2.2331735671112005,0.08157773382004171
0.34934934934934936,0.24537481400738614,2.2333101292294075,0.08141775766501277
0.35035035035035034,0.2459823703517167,2.233448013458019,0.08116445733039415
0.35135135135135137,0.2465896020068874,2.233587472769817,0.08089122859828864
0.35235235235235235,0.24719664613194237,2.233728651978438,0.08064384601014381
0.3533533533533533,0.2478035514843103,2.2338715923239905,0.08043816514943389
0.35435435435435436,0.24841034193568468,2.2340163064856746,0.0802815778325366
0.35535535535535534,0.24901700015400877,2.234162765565343,0.0801674908948084
0.3563563563563564,0.24962330588136217,2.234310729863128,0.08002159109618291
0.35735735735735735,0.2502289091741075,2.2344598332887413,0.07972702021455501
0.35835835835835833,0.2508464131417941,2.2346251201875305,0.08336465351254188
0.35935935935935936,0.251449860804525,2.234774853882366,0.08255723028311253
0.36036036036036034,0.2520537082018777,2.234927246525481,0.08194890555778253
0.3613613613613614,0.25265769619936784,2.2350818064241196,0.08146310862916387
0.36236236236236236,0.2532616833180824,2.235238293180558,0.08105626067452192
0.36336336336336333,0.2538655922183172,2.2353965815808388,0.08070383768930137
0.36436436436436437,0.2544669311785189,2.235553964613125,0.0796013825660126
0.36536536536536535,0.2550699294720932,2.2357150650650213,0.07911293131472108
0.3663663663663664,0.2556852081146175,2.235892132399741,0.08259333154650106
0.36736736736736736,0.2562862838820559,2.236054087672046,0.08167347253313625
0.3683683683683684,0.2568877313489112,2.2362185847135176,0.08093704764028023
0.36936936936936937,0.2574893330745807,2.23638521097604,0.08032149686400378
0.37037037037037035,0.2580909909143199,2.236553782097177,0.07979779199232298
0.3713713713713714,0.2586926413177941,2.236724183716433,0.07934655893799891
0.37237237237237236,0.2592942608529917,2.2368963605882697,0.07896048807738143
0.3733733733733734,0.25989584349104333,2.2370702853521363,0.07863735755416822
0.3743743743743744,0.2604973897100077,2.2372459372925078,0.07837703077398213
0.37537537537537535,0.2610989246500055,2.2374233254955835,0.07818687588602984
0.3763763763763764,0.261700439008015,2.23760242877911,0.07806315711665716
0.37737737737737737,0.2623017117866713,2.237783024261076,0.07793556359965995
0.3783783783783784,0.2629023943974592,2.2379647748565024,0.07769434800478407
0.3793793793793794,0.2635030166133056,2.2381481825628695,0.07750572745635595
0.38038038038038036,0.264109744282251,2.2383393981002446,0.07927540662341861
0.3813813813813814,0.26470733831793314,2.2385230663246896,0.0782935542137181
0.38238238238238237,0.2653056131782531,2.2387092775374704,0.07758699495399408
0.3833833833833834,0.2659042808165142,2.2388976268549636,0.0770700139422346
0.3843843843843844,0.26650325617997966,2.2390879676520625,0.0767172010322097
0.38538538538538536,0.2671025695750412,2.2392802862571886,0.07653768656160242
0.3863863863863864,0.26770193214639587,2.239474304973724,0.07644101137193648
0.38738738738738737,0.26829967184459996,2.239668570521979,0.07590978395157988
0.3883883883883884,0.26889648095894114,2.2398637709490257,0.07515617624891194
0.3893893893893894,0.2695023661502808,2.2400684050866984,0.07725903203598358
0.39039039039039036,0.2700997330688327,2.240267154572588,0.07681553460766948
0.3913913913913914,0.2706949904266337,2.2404657266739383,0.07579471528786366
0.3923923923923924,0.2712906244051576,2.2406664231229416,0.07494911181934646
0.3933933933933934,0.2718864382334413,2.2408689936874726,0.07422078868112364
0.3943943943943944,0.2724823355045803,2.241073308843444,0.07358117461209764
0.39539539539539537,0.2730782433850888,2.2412792797375745,0.07300816097420415
0.3963963963963964,0.27368115637958595,2.241491766250509,0.07465727664280054
0.3973973973973974,0.2742752001157783,2.241699353670111,0.07364659397298932
0.3983983983983984,0.2748836579147873,2.2419203154282363,0.07703009364160833
0.3993993993993994,0.2754737476919379,2.2421271071156688,0.0749903957577911
0.40040040040040037,0.2760659830172346,2.24233791331474,0.0736285369586663
0.4014014014014014,0.27666573279531004,2.242574650039284,0.0736624852922714
0.4024024024024024,0.2772577102208559,2.2427839367662594,0.07257186799908832
0.4034034034034034,0.2778502751252879,2.242996229979299,0.07167183282448907
0.4044044044044044,0.2784432030049547,2.2432110212078853,0.07090974137881749
0.40540540540540543,0.2790363424932218,2.243427980528941,0.07024930750419559
0.4064064064064064,0.2796296023154262,2.243646910389641,0.06966823846748815
0.4074074074074074,0.2802229147425008,2.2438676662683275,0.06914976421137034
0.4084084084084084,0.2808162310382277,2.2440901459267484,0.06868155860211089
0.4094094094094094,0.2814358324249175,2.2443353535426573,0.07590884169964585
0.41041041041041043,0.2820203854947906,2.244555125179357,0.07292867742804171
0.4114114114114114,0.2826137602125158,2.2447959610724664,0.07195518578785816
0.4124124124124124,0.28320207879785764,2.24501649407692,0.07045534903296109
0.4134134134134134,0.28379178446756703,2.2452413434589875,0.06933307766465298
0.4144144144144144,0.284382275357688,2.2454692849982103,0.06844805975699095
0.41541541541541543,0.28497322999057617,2.2456996921558536,0.06772365126619648
0.4164164164164164,0.28556446482215503,2.2459322171178635,0.06711527409816746
0.4174174174174174,0.286165784973545,2.2461816036729934,0.06906694904676795
0.4184184184184184,0.2867551765177941,2.2464143539704184,0.06809933022304675
0.4194194194194194,0.2873452202996406,2.246649844114601,0.06733566471526817
0.42042042042042044,0.28793566122328984,2.2468876007320597,0.0667147847064394
0.4214214214214214,0.28852634551982226,2.2471273456414194,0.06619918961504598
0.4224224224224224,0.28914175379527496,2.2474071679133347,0.07172880357719999
0.42342342342342343,0.2897286827579483,2.2476433399479863,0.07041995501852552
0.4244244244244244,0.29031639868812215,2.247882712135864,0.06933150152664613
0.42542542542542544,0.2909060920868696,2.2481269492626845,0.06875590498086077
0.4264264264264264,0.29149247449084703,2.2483678194582195,0.06742119365924082
0.4274274274274274,0.29208054119985283,2.248612999890951,0.06653130479630834
0.42842842842842843,0.292669522471351,2.2488611494950743,0.06590521957161846
0.4294294294294294,0.2934046344367296,2.2493090805873828,0.10132895089684343
0.43043043043043044,0.29387366342402593,2.2494018548375103,0.07101710542434343
0.4314314314314314,0.2944618729727054,2.249652825829773,0.07034780833147239
0.43243243243243246,0.2950510224776779,2.2499069436836323,0.06993471066935271
0.43343343343343343,0.29563988214398534,2.2501621690872984,0.06949317771085321
0.4344344344344344,0.2962264744274175,2.2504154277297976,0.06856169389378837
0.43543543543543545,0.29680949659260725,2.250665089157104,0.06682237791348633
0.4364364364364364,0.2975387810543144,2.251113139300526,0.10044597004225304
0.43743743743743746,0.2981199131265445,2.2513607094025216,0.09836482040228886
0.43843843843843844,0.2987215076479296,2.2516452537143636,0.1008556822759787
0.4394394394394394,0.2993105060728903,2.25190938836701,0.10059490982034107
0.44044044044044045,0.2998782317686969,2.2521302791110056,0.096086094607056
0.44144144144144143,0.3004497754600595,2.2523701464858124,0.09194817626266663
0.44244244244244246,0.30099707892787864,2.2525855861207242,0.0818042601510675
0.44344344344344344,0.3015800132417376,2.2528477910539317,0.08030071892368709
0.4444444444444444,0.30216516375838276,2.2531149173056777,0.07934038900738358
0.44544544544544545,0.30275143441524,2.2533850017665067,0.07868365573222987
0.44644644644644643,0.3033383735799263,2.253657335741976,0.07822635815537814
0.44744744744744747,0.30390287172264974,2.253923663919122,0.07148211890317213
0.44844844844844844,0.30447852245262014,2.254179904014294,0.06866712553194994
0.4494494494494494,0.3052017342455711,2.2546356923525557,0.10012880144197252
0.45045045045045046,0.3057856386508284,2.2549074282043984,0.09914967876546081
0.45145145145145144,0.3063700236659073,2.2551816004857708,0.09830255107551744
0.45245245245245247,0.3069502701156092,2.2554417799086353,0.09701907640313676
0.45345345345345345,0.30753511980837234,2.2557196847095278,0.09634240764457007
0.4544544544544544,0.30812013298274016,2.2559993645070646,0.09573205138345817
0.45545545545545546,0.308705253685793,2.2562807041971573,0.09517610099407128
0.45645645645645644,0.3092904488319768,2.2565636280914765,0.09466758178596439
0.4574574574574575,0.3098756816205003,2.2568480606068126,0.09419852971134668
0.45845845845845845,0.3104609127245004,2.2571339243815864,0.09376043978439848
0.45945945945945943,0.31104613348592547,2.2574211963402617,0.09335119221096651
0.46046046046046046,0.31163131707088965,2.2577098219551277,0.0929649555782384
0.46146146146146144,0.31210881222466463,2.257878408639322,0.06743183479004253
0.4624624624624625,0.31268813591255673,2.2581615559694503,0.06589095971350431
0.46346346346346345,0.3134289510269348,2.2586609855631186,0.1003649339566867
0.46446446446446443,0.31398281112422777,2.258894553472529,0.09402050534592463
0.46546546546546547,0.31456664600288486,2.2591878856614995,0.09349949545056171
0.46646646646646645,0.3151505224328483,2.259482683318546,0.09301636077885836
0.4674674674674675,0.3157344167121202,2.2597788953016362,0.09256605092918396
0.46846846846846846,0.31631831958380763,2.260076496636805,0.09214642542034743
0.4694694694694695,0.3169022088037796,2.260375440932411,0.09175272549795994
0.47047047047047047,0.31748608128830214,2.260675715040463,0.09138406914898765
0.47147147147147145,0.3181171050201386,2.261061356294422,0.10028829286870085
0.4724724724724725,0.31869522713938647,2.261354074262015,0.098822295645904
0.47347347347347346,0.31926954460094487,2.261633691236304,0.09701448612468397
0.4744744744744745,0.31984901229641705,2.2619317288704326,0.09586870335654227
0.4754754754754755,0.32042902527392697,2.26223218767505,0.09485494273494906
0.47647647647647645,0.3210094595336629,2.2625347950112706,0.0939500574877428
0.4774774774774775,0.32159023212884424,2.2628393679191263,0.09313832887340548
0.47847847847847846,0.32217128059838174,2.263145767812147,0.092407804136627
0.4794794794794795,0.322752528735072,2.26345384734931,0.09174331996097349
0.4804804804804805,0.32333391925681004,2.2637634957352453,0.09113338045472455
0.48148148148148145,0.32392724313798343,2.2640919407555544,0.09299488855824094
0.4824824824824825,0.3245076231842532,2.2644024861403187,0.09223570381205617
0.48348348348348347,0.32508789897679324,2.2647142582196627,0.091478914291016
0.4844844844844845,0.3256680174485716,2.265027180035322,0.09071330053448554
0.4854854854854855,0.326248079709071,2.265341410439171,0.08995853661580502
0.48648648648648646,0.3268282891185445,2.2656572315534853,0.08925593055237473
0.4874874874874875,0.32743724101715715,2.266015827603961,0.094392003701861
0.48848848848848847,0.32800227052954445,2.266311086191794,0.09071927878867589
0.4894894894894895,0.32857663511435803,2.266622578025656,0.08889758264855754
0.4904904904904905,0.32917957777231044,2.26697531841687,0.09289555633332777
0.49149149149149146,0.329752687220399,2.2672865742272066,0.09091379595283966
0.4924924924924925,0.3303266786460098,2.267601118665034,0.08910527519691266
0.4934934934934935,0.3309032684945154,2.267920988571845,0.08782944744249517
0.4944944944944945,0.3314840042895342,2.2682475076429225,0.08742986338655999
0.4954954954954955,0.33201892986984255,2.2685197969202653,0.07750923007530035
0.4964964964964965,0.33259707813373696,2.2688461133031823,0.07662294991130258
0.4974974974974975,0.3331757819318928,2.2691743501918897,0.07587610176688513
0.4984984984984985,0.3337548947321504,2.269504273746916,0.0752394821768809
0.4994994994994995,0.33433430488362015,2.2698357190401546,0.07469019516184555
0.5005005005005005,0.33491394241834477,2.270168581942462,0.07421369946726228
0.5015015015015015,0.3354937599470215,2.270502789269556,0.07380008175320207
0.5025025025025025,0.33613933178019884,2.270913616903268,0.08703494486958355
0.5035035035035035,0.33665379850248345,2.2711750330582334,0.07313209913365255
0.5045045045045045,0.3372339883154064,2.271513010000312,0.07287088112782386
0.5055055055055055,0.3378142642061306,2.27185218202181,0.07265201225472896
0.5065065065065065,0.3383945847289764,2.272192504678638,0.07246619980349497
0.5075075075075075,0.3389748357215036,2.272533872634513,0.07228835905004967
0.5085085085085085,0.33955485617563647,2.272876149704296,0.07208307819165491
0.5095095095095095,0.3401349293132555,2.2732195662467296,0.07191213853872772
0.5105105105105106,0.3407978749312089,2.27365751270912,0.08863965124637856
0.5115115115115115,0.3413113322834091,2.273924305166489,0.07510725057213277
0.5125125125125125,0.3418814549875963,2.274261620444362,0.07289403287583358
0.5135135135135135,0.34245710746337216,2.274605595615653,0.07186031455922041
0.5145145145145145,0.3430277926236993,2.274956571428344,0.06933273556748218
0.5155155155155156,0.3435986598083007,2.275292680513474,0.06759970692347879
0.5165165165165165,0.34417243502226025,2.2756346420533657,0.06641218151096542
0.5175175175175175,0.3447477253386485,2.2759800910516956,0.06552247859368975
0.5185185185185185,0.3453239577171453,2.2763280747592405,0.06482729143751173
0.5195195195195195,0.3459007875406752,2.2766780483612896,0.0642631565829663
0.5205205205205206,0.3466646685099578,2.2772669237999077,0.0995793598497026
0.5215215215215215,0.3472424967429265,2.2776195250711053,0.09918904787322709
0.5225225225225225,0.3477962834106393,2.277926873572308,0.0949541964849546
0.5235235235235235,0.3483743039731294,2.27828224237913,0.094635435393946
0.5245245245245245,0.3489533813211888,2.2786403352980313,0.09452243545854307
0.5255255255255256,0.34953014910266345,2.27899603662785,0.09401429468660571
0.5265265265265265,0.3501433151279242,2.2794182682969835,0.09951929878585723
0.5275275275275275,0.3507151289879177,2.279767878375507,0.09818842005165536
0.5285285285285285,0.3512880525891415,2.2801206563065817,0.09705844935124248
0.5295295295295295,0.3518564673196362,2.280458905387346,0.09555577822192425
0.5305305305305306,0.35243080890102446,2.280816234106496,0.0947088096039451
0.5315315315315315,0.35300573917515243,2.2811756510295713,0.09397928233194963
0.5325325325325325,0.35358121356327415,2.28153703739691,0.09336043749050892
0.5335335335335335,0.35415723524134385,2.2819003555983874,0.09285352775968939
0.5345345345345345,0.3547013436167914,2.282222653055163,0.08654056756741504
0.5355355355355356,0.35531011182635036,2.2826314883844794,0.09203395265974501
0.5365365365365365,0.35587980144700904,2.2829892778035807,0.09044490691479819
0.5375375375375375,0.3564515613205464,2.28335140874907,0.08922847431649421
0.5385385385385385,0.35702460605732417,2.283716560613473,0.08825219807168641
0.5395395395395395,0.3575985098452168,2.2840840460717966,0.08744277184623857
0.5405405405405406,0.3581730465823977,2.2844535071750682,0.08676063152804643
0.5415415415415415,0.35874806237384615,2.284824705678318,0.08617848835764466
0.5425425425425425,0.3593234782237887,2.2851975110853227,0.0856823299672664
0.5435435435435435,0.3598992300114078,2.2855718171912978,0.08526073930015023
0.5445445445445445,0.360475313831591,2.2859475823430886,0.08491377956585418
0.5455455455455456,0.3610517392138671,2.286324758847405,0.08464495135463798
0.5465465465465466,0.36162858748066207,2.2867033295291415,0.08447325448954697
0.5475475475475475,0.3622060824217183,2.287083353956366,0.08444753865686928
0.5485485485485485,0.3627848140363173,2.287465302411891,0.08468378902445813
0.5495495495495496,0.3633091516824253,2.287785772274431,0.07498275140596382
0.5505505505505506,0.3638847919233711,2.2881668895366327,0.07467209239014105
0.5515515515515516,0.36446045481679934,2.288549007463709,0.07438064644141526
0.5525525525525525,0.36503612952819814,2.288932108459919,0.07410627942819115
0.5535535535535535,0.3656852884402165,2.2893987444457298,0.08723141526880802
0.5545545545545546,0.3662572841917051,2.289779066843816,0.08630952793819276
0.5555555555555556,0.36682996930763456,2.290161481154186,0.08551459470314407
0.5565565565565566,0.36740334082780646,2.2905459622729287,0.0848457765810817
0.5575575575575575,0.36797743469898725,2.290932521006966,0.08430959625434595
0.5585585585585585,0.3685524246742308,2.291321155082224,0.08394462521232873
0.5595595595595596,0.36912888659810866,2.291711631806524,0.0838909938218179
0.5605605605605606,0.36965210604859866,2.292040872659604,0.07442342863100893
0.5615615615615616,0.37022575305923144,2.292430467709436,0.07389867868221497
0.5625625625625625,0.37079956388257707,2.29282119799496,0.07341721301991165
0.5635635635635635,0.3713734990254044,2.293213008934125,0.07297190163602296
0.5645645645645646,0.3719475318364529,2.293605862863454,0.07255785685743713
0.5655655655655656,0.37252164912368635,2.2939997353810337,0.07217269953478547
0.5665665665665666,0.3730958225310849,2.2943945914926123,0.07181112381350555
0.5675675675675675,0.37367004868832254,2.2947904201977214,0.07147244794503897
0.5685685685685685,0.37424431025486066,2.2951871976648643,0.07115342355698144
0.5695695695695696,0.3748285698984031,2.2955932654305444,0.07272117149097121
0.5705705705705706,0.3754763741552527,2.296071486738603,0.08539332555603774
0.5715715715715716,0.37604469396516677,2.2964652763361793,0.08400053972817315
0.5725725725725725,0.37661712412046033,2.2968657896624034,0.08328738268540335
0.5735735735735735,0.3771366913127657,2.297202245160925,0.07366653610280634
0.5745745745745746,0.3777073315408771,2.2976009106643858,0.07276424956783664
0.5755755755755756,0.3782787621423386,2.2980013244142334,0.07201473939191043
0.5765765765765766,0.3788507458109779,2.298403202943651,0.07137657570145581
0.5775775775775776,0.37942314047692133,2.2988063759453845,0.07082481599527304
0.5785785785785785,0.3799958455173461,2.299210727575605,0.07034151867201002
0.5795795795795796,0.3805687938773979,2.2996161785795373,0.06991469840744166
0.5805805805805806,0.3811522824814081,2.3000505769163246,0.07060275324574425
0.5815815815815816,0.38172448241722023,2.300455057445845,0.07014962591585809
0.5825825825825826,0.3822969221097504,2.300860841057824,0.06974255592516454
0.5835835835835835,0.3828695479990562,2.3012678296040074,0.06937353937028906
0.5845845845845846,0.383442317795743,2.301675946846968,0.06903616288236789
0.5855855855855856,0.3840152053178879,2.3020851424990134,0.06872645823042663
0.5865865865865866,0.38458819465028427,2.302495384564815,0.06844193574355475
0.5875875875875876,0.3851612616260128,2.3029066287785294,0.06817887683541571
0.5885885885885885,0.38573439410418237,2.3033188517223673,0.06793530040374215
0.5895895895895896,0.3863075793775411,2.3037320271166024,0.0677092466815759
0.5905905905905906,0.3868808099589553,2.3041461397286707,0.0674994264482931
0.5915915915915916,0.3874540728906091,2.3045611650835753,0.0673037853639088
0.5925925925925926,0.38802735969821406,2.3049770862197088,0.067120930124034
0.5935935935935935,0.3886006720663542,2.3053939019086687,0.06695097696296264
0.5945945945945946,0.38917399919505946,2.305811591010289,0.06679223341774802
0.5955955955955956,0.38974734351937246,2.3062301535162915,0.0666449360424279
0.5965965965965966,0.39032069353779614,2.3066495689996955,0.06650723466422499
0.5975975975975976,0.39089405050286674,2.307069834624204,0.06637924851641955
0.5985985985985985,0.391467417915354,2.3074909520217752,0.06626138095306118
0.5995995995995996,0.39204078458310976,2.307912903063499,0.06615177624997633
0.6006006006006006,0.3926141535511512,2.3083356864059614,0.06605087812581706
0.6016016016016016,0.39318751777852823,2.3087592892649704,0.06595749620643412
0.6026026026026026,0.3937671894879105,2.3091920540117017,0.06683995984666405
0.6036036036036035,0.39433899672364087,2.309615203954828,0.06652362686350692
0.6046046046046046,0.39491107404939785,2.3100395500164916,0.0662566320497933
0.6056056056056056,0.3954833786420598,2.3104650240330367,0.06603239492399808
0.6066066066066066,0.39605587265488024,2.310891566901817,0.06584505089444634
0.6076076076076076,0.39662852426121953,2.3113191277135563,0.06568969537144353
0.6086086086086087,0.397201310246796,2.311747671059332,0.06556260232481533
0.6096096096096096,0.39777420326735596,2.3121771555377455,0.06545948117182213
0.6106106106106106,0.3983471769419219,2.31260754216029,0.06537617913079519
0.6116116116116116,0.39892019402908485,2.3130387791746676,0.06530688842003468
0.6126126126126126,0.3994932265235049,2.3134708277284473,0.06524721063604061
0.6136136136136137,0.4000662615690903,2.313903667482746,0.06519511712980483
0.6146146146146146,0.40063933353438486,2.314337339736309,0.0651556703341584
0.6156156156156156,0.40138354696345163,2.314948081077557,0.09262433067243461
0.6166166166166166,0.4019552736275259,2.3153811911521247,0.09235155849920908
0.6176176176176176,0.4025270769065282,2.3158151993627625,0.09209712693758336
0.6186186186186187,0.403098946411421,2.3162500871957024,0.0918593992162591
0.6196196196196196,0.40351399130118926,2.3165292973263147,0.06644527016060128
0.6206206206206206,0.404084636787598,2.3169644511114313,0.06608462081622354
0.6216216216216216,0.4046556226391809,2.317400839967946,0.06578104884706162
0.6226226226226226,0.40522685103641426,2.317838325265778,0.0655200671673052
0.6236236236236237,0.4057982424595087,2.3182767953665335,0.06528987745052983
0.6246246246246246,0.4063696725131569,2.3187160837336096,0.06507207767954806
0.6256256256256256,0.4069410809069309,2.3191561122304725,0.06485759328166099
0.6266266266266266,0.40751252096826995,2.3195969431077073,0.0646542986805526
0.6276276276276276,0.4080841915775831,2.3200388162417585,0.06449164190906045
0.6286286286286287,0.4086562532875221,2.3204819222910293,0.06439321545682293
0.6296296296296297,0.40922848907742393,2.320925986275231,0.0643267024973397
0.6306306306306306,0.40980074836497177,2.3213708201183847,0.06426965725292741
0.6316316316316316,0.4103729580594734,2.321816330655103,0.06421124474851626
0.6326326326326326,0.4111178937924045,2.322435568696061,0.0910780567854405
0.6336336336336337,0.41168718943087423,2.322878504716697,0.09056541313815905
0.6346346346346347,0.412090795418515,2.323158727745207,0.06424796221374607
0.6356356356356356,0.4126622471981273,2.323606237783104,0.06410136832480401
0.6366366366366366,0.41323396284636704,2.324054795345279,0.06399916895827294
0.6376376376376376,0.41397637293106665,2.3246729769297234,0.09029895549046314
0.6386386386386387,0.41454602755375286,2.3251200915777863,0.08986743664434507
0.6396396396396397,0.41511609078640116,2.325568482074645,0.08949950633080439
0.6406406406406406,0.4156864490196261,2.3260179788211586,0.08917946705465866
0.6416416416416416,0.4160962839338609,2.3263128632513355,0.06411402310312768
0.6426426426426426,0.41666610108958163,2.326763428979534,0.06376955762696261
0.6436436436436437,0.41723725775671106,2.327216319618263,0.06362423149219788
0.6446446446446447,0.4178086316511994,2.3276701751207463,0.063515634195448
0.6456456456456456,0.4183794120408999,2.3281240333107727,0.06332654948211451
0.6466466466466466,0.4189511413893497,2.3285797125463374,0.06327961817231113
0.6476476476476476,0.4195239336617652,2.32903733612228,0.06339057015039518
0.6486486486486487,0.42026774216509705,2.329661896664815,0.08944787486749979
0.6496496496496497,0.42083749563465034,2.330116980245938,0.08909083658375319
0.6506506506506506,0.42140683306663274,2.3305722857554514,0.08867958817834705
0.6516516516516516,0.42197565556740235,2.3310277095284606,0.08819974688792573
0.6526526526526526,0.4225444584012455,2.3314838515017433,0.08772123189432081
0.6536536536536537,0.42311362994544693,2.33194115641896,0.08729940237625554
0.6546546546546547,0.42368986009116955,2.332407290489551,0.08788775463553482
0.6556556556556556,0.4240971005856354,2.332712242593011,0.06312593380250205
0.6566566566566566,0.4246659763485817,2.333171457954749,0.06271993277340712
0.6576576576576576,0.425413329893331,2.333803860061971,0.08891824973129543
0.6586586586586587,0.42597758244636647,2.3342586464278297,0.08783388250002147
0.6596596596596597,0.42654394298576825,2.3347167695900084,0.08704518289892363
0.6606606606606606,0.4271503608887885,2.335223652178918,0.09181164812333362
0.6616616616616616,0.4277091135465283,2.3356729087140526,0.09001718531646241
0.6626626626626626,0.4282709722357042,2.336127260119329,0.08863402250426886
0.6636636636636637,0.4288348771605083,2.336585052361349,0.08752890090181784
0.6646646646646647,0.4294002302468459,2.3370454190766226,0.08662374817992757
0.6656656656656657,0.42996663625803616,2.337507810741309,0.08586600171211664
0.6666666666666666,0.4305338669640201,2.3379719068983644,0.08522523382067455
0.6676676676676676,0.43110177107429426,2.338437495803018,0.08468112110052319
0.6686686686686687,0.4316702002393177,2.3389043859595864,0.08421324433313673
0.6696696696696697,0.4322390701125192,2.3393724610151363,0.08381012202978404
0.6706706706706707,0.43280831527242636,2.3398416334252268,0.08346269490772226
0.6716716716716716,0.43337788297910834,2.3403118296233183,0.08316374679783818
0.6726726726726726,0.43394772618867394,2.3407829854357525,0.08290679203505169
0.6736736736736737,0.4345178217966432,2.3412550569467707,0.08268896626190865
0.6746746746746747,0.43508812402938685,2.3417279813656275,0.08250405141186193
0.6756756756756757,0.43565860737436946,2.342201715879257,0.08234877755413093
0.6766766766766766,0.436118612828105,2.3425806230415684,0.06592515896025745
0.6776776776776777,0.4366874244448008,2.343053150131664,0.06560496398587799
0.6786786786786787,0.43725643044898027,2.343526564191238,0.06531387096329196
0.6796796796796797,0.43782560435433365,2.3440008240384507,0.06504841211352255
0.6806806806806807,0.4383949389757845,2.3444759137169338,0.06480763171763564
0.6816816816816816,0.43896441781685286,2.3449518061137167,0.06458934879976827
0.6826826826826827,0.4395340286137909,2.345428480537792,0.06439190697316619
0.6836836836836837,0.4401037742587241,2.345905935917787,0.0642156096478672
0.6846846846846847,0.440673653583519,2.3463841639854857,0.06406031425025491
0.6856856856856857,0.4412436662364,2.3468631600840766,0.063925884925303
0.6866866866866866,0.44181382733398855,2.347342938091415,0.06381421514149907
0.6876876876876877,0.4423841410126417,2.3478234973269774,0.06372580247765752
0.6886886886886887,0.4429546128472679,2.3483048403747793,0.06366126655424377
0.6896896896896897,0.44368935629869843,2.3489350937601206,0.08691468407172867
0.6906906906906907,0.4442444172669223,2.3494011684532645,0.08472805977070477
0.6916916916916916,0.444805592862571,2.349875387854511,0.08333625280388124
0.6926926926926927,0.4453703185018978,2.350354608876694,0.08240534691529869
0.6936936936936937,0.4459374624520088,2.3508375443407306,0.08178352657608079
0.6946946946946947,0.4465061539362104,2.3513229030624823,0.08136636124782652
0.6956956956956957,0.44707514015598837,2.3518081141819174,0.08103383567356606
0.6966966966966966,0.4476438954953362,2.3522922262689465,0.08073081739857323
0.6976976976976977,0.44821287887089156,2.3527766403285564,0.08048227626655899
0.6986986986986987,0.448782071644655,2.3532617876946196,0.08026753275341132
0.6996996996996997,0.4493511504169231,2.3537473367123054,0.08004286497875868
0.7007007007007007,0.4499205499251787,2.3542339400151784,0.07985830301779555
0.7017017017017017,0.45049144784792394,2.3547232177329294,0.07985464649036587
0.7027027027027027,0.4509555728218892,2.355121913989003,0.06488134217081866
0.7037037037037037,0.45152358569091133,2.3556091243952038,0.06453633114782005
0.7047047047047047,0.45209186830264886,2.3560972452267017,0.06422795128009753
0.7057057057057057,0.45266035407770405,2.3565861880927206,0.06394780968155692
0.7067067067067067,0.4532290215963468,2.357075920493019,0.06369319299959125
0.7077077077077077,0.4537978259050008,2.3575663850935924,0.06345832602568344
0.7087087087087087,0.45436675876831706,2.3580575670152966,0.06324213946465577
0.7097097097097097,0.454935787468295,2.3585494254084747,0.06304038324334665
0.7107107107107107,0.45576543606019515,2.35931030174921,0.09699450579862919
0.7117117117117117,0.4563339640981532,2.359801889518395,0.09669790817567211
0.7127127127127127,0.45690289004998147,2.360294569803858,0.09645090825139621
0.7137137137137137,0.4574722720361436,2.360788406893781,0.09626047405822175
0.7147147147147147,0.45804198854947825,2.3612832332840257,0.09611201375630404
0.7157157157157157,0.4586119447150943,2.3617789198005,0.09599408576918592
0.7167167167167167,0.4589419741585575,2.3620335180950325,0.06460081542743719
0.7177177177177178,0.45950668257008054,2.3625248030219654,0.06387283372958433
0.7187187187187187,0.46007211252912683,2.3630175567477005,0.06323514645602285
0.7197197197197197,0.46063756919641863,2.363510979996171,0.06260076657667998
0.7207207207207207,0.46137236417964356,2.3641524350496117,0.0847840099649223
0.7217217217217217,0.46192689236472956,2.364637665872343,0.0826354671085779
0.7227227227227228,0.46249590944423896,2.3651368923989677,0.08240741273715844
0.7237237237237237,0.4631797944691273,2.365774343557839,0.09608266157412829
0.7247247247247247,0.46365013316849674,2.3661506902157288,0.08413449743201919
0.7257257257257257,0.4642185164645358,2.3666506083098096,0.08383715896467794
0.7267267267267267,0.4648273547718709,2.3671929496965753,0.08866825533071591
0.7277277277277278,0.4653907113268533,2.367687943284127,0.08775946696855848
0.7287287287287287,0.4659547767735358,2.368184418265352,0.08693601487117314
0.7297297297297297,0.4663377628297131,2.3685243504702327,0.06211553049409948
0.7307307307307307,0.46690209411367195,2.369022589259454,0.061360912555611526
0.7317317317317317,0.46774944950171904,2.369805831980753,0.09645430145211639
0.7327327327327328,0.468316678330645,2.3703070429771698,0.09604292018766797
0.7337337337337337,0.4688842029015202,2.3708091809110363,0.09566682073644593
0.7347347347347347,0.4693414112572851,2.3711813444781074,0.08217290950961689
0.7357357357357357,0.469909444902172,2.37168677402919,0.08182374060525571
0.7367367367367368,0.4704778111422076,2.3721932078066064,0.08151206416825804
0.7377377377377378,0.47104648612503874,2.372700628486558,0.08123429707252638
0.7387387387387387,0.47161541746312363,2.3732089200783713,0.08098601336536441
0.7397397397397397,0.47218683779022214,2.373718020989685,0.0811341157200512
0.7407407407407407,0.4727551906641273,2.374227258276755,0.08079597034247514
0.7417417417417418,0.47332325850996365,2.374736024815241,0.08045042923591
0.7427427427427428,0.4738905396807743,2.3752432283768035,0.08005794093162732
0.7437437437437437,0.4744573749370383,2.3757496747681586,0.0796432155550968
0.7447447447447447,0.4750243129667592,2.376256640734632,0.07924632613907465
0.7457457457457457,0.47559156969417565,2.376764632911583,0.07888260953813639
0.7467467467467468,0.4761591383252008,2.3772736460754027,0.07855086179891434
0.7477477477477478,0.47672696220529476,2.3777835727421,0.07824575953240905
0.7487487487487487,0.4772950020871738,2.3782943271202144,0.07796399945507423
0.7497497497497497,0.47788203428231657,2.3788285618568454,0.07985771814902946
0.7507507507507507,0.4784487121208225,2.379338191822602,0.0794359688525542
0.7517517517517518,0.47901570506631524,2.3798486976051447,0.07905165176420362
0.7527527527527528,0.4796389742761594,2.3804097526556776,0.08576112123800957
0.7537537537537538,0.4801962382570795,2.3809126558788547,0.08414000559710084
0.7547547547547547,0.48075662940773656,2.381419890042491,0.08287687972695881
0.7557557557557557,0.4813194727889759,2.381930717643187,0.08189022932357168
0.7567567567567568,0.4818843861210362,2.3824449313259337,0.08112545646483021
0.7577577577577578,0.4824508229288084,2.38296162107675,0.0805290083243452
0.7587587587587588,0.48301632538174727,2.383475610550895,0.07990724013545517
0.7597597597597597,0.483580774398974,2.3839868785901857,0.07924242032970209
0.7607607607607607,0.48414589369708894,2.3844994285061327,0.07865515986194777
0.7617617617617618,0.48471189139347776,2.3850138346318874,0.07815596977581188
0.7627627627627628,0.485278547717859,2.385529692144447,0.0777249685900419
0.7637637637637638,0.4858456815080291,2.3860466839410437,0.07734518863232318
0.7647647647647647,0.4864131753719363,2.3865646135150596,0.0770052493609638
0.7657657657657657,0.4869809423536693,2.3870833500460713,0.07669615074062672
0.7667667667667668,0.4875489087549007,2.3876027928557906,0.07640990164461395
0.7677677677677678,0.488117009980736,2.388122863451417,0.07613915873728055
0.7687687687687688,0.48868519810242106,2.38864350364466,0.07587846650395208
0.7697697697697697,0.48925341059830474,2.3891646485575544,0.0756203935047682
0.7707707707707707,0.48982163492835024,2.3896862817213274,0.07536350917697085
0.7717717717717718,0.49038988992194704,2.390208416762995,0.07511012905305772
0.7727727727727728,0.49095826958685385,2.390731132941355,0.0748717337404005
0.7737737737737738,0.4915269078518394,2.3912545389921966,0.07466478851779167
0.7747747747747747,0.4920958947456221,2.3917787039863256,0.07450035083623728
0.7757757757757757,0.4926652144320084,2.3923036034816243,0.07437658099537028
0.7767767767767768,0.49323477038381,2.3928291486891964,0.07428164514063972
0.7777777777777778,0.49380446919662724,2.393355254820709,0.07420412214897643
0.7787787787787788,0.49437424171242456,2.393881860478712,0.0741355225698177
0.7797797797797797,0.494944054394941,2.3944089343800874,0.07407174767794755
0.7807807807807807,0.49551388839115384,2.3949364589217152,0.07401046517824306
0.7817817817817818,0.49608376832089107,2.395464454395229,0.07395458445593495
0.7827827827827828,0.49665375222220776,2.395992965003595,0.07391119794214704
0.7837837837837838,0.4972239963428985,2.3965221209135272,0.0738990980834711
0.7847847847847848,0.49779476455467186,2.397052139179107,0.07395006597906142
0.7857857857857857,0.49836640282138767,2.3975833119343197,0.07410532166443387
0.7867867867867868,0.498965650939331,2.398140696062978,0.07748371503462488
0.7877877877877878,0.49952979135441977,2.3986652957559222,0.07677266299910458
0.7887887887887888,0.5000947450039297,2.399191441933874,0.0761446463850378
0.7897897897897898,0.5006604298876762,2.399718891860389,0.07559577894309748
0.7907907907907907,0.5012267416928984,2.4002474570005847,0.07511684233737365
0.7917917917917918,0.50179362026251,2.400777024417138,0.0747025248965137
0.7927927927927928,0.502360983083309,2.4013074833777073,0.07434411880847126
0.7937937937937938,0.502928780903722,2.4018387657329963,0.07403639110311665
0.7947947947947948,0.5034969960846579,2.402370836471845,0.07377765252234829
0.7957957957957957,0.5040656541817665,2.4029037006185345,0.07357120367235445
0.7967967967967968,0.5046349034961206,2.4034374660647533,0.07343483924963065
0.7977977977977978,0.505205119600735,2.4039724231997197,0.07341335563840315
0.7987987987987988,0.5057771834801995,2.4045092816943283,0.0736109537016508
0.7997997997997998,0.5063513556356501,2.4050482948399456,0.07405575354304296
0.8008008008008007,0.5069184561991719,2.4055818927158286,0.07366386498850268
0.8018018018018018,0.507480935677583,2.406112298725836,0.0727205482132868
0.8028028028028028,0.5079847699859553,2.4066106229807707,0.06430145365910539
0.8038038038038038,0.5086258609801677,2.407190181219337,0.07320552329273176
0.8048048048048048,0.5091971405837094,2.4077287933366143,0.07330515631040727
0.8058058058058059,0.5097693682243719,2.40826856450236,0.07351511883276958
0.8068068068068068,0.510342491466989,2.408809472171916,0.07382788131215684
0.8078078078078078,0.5109093514804346,2.409345696425108,0.07340580969640828
0.8088088088088088,0.5115011032877138,2.4099033762951345,0.07585906490604313
0.8098098098098098,0.5120605305865207,2.4104335881257177,0.0745948362050764
0.8108108108108109,0.5126225940246961,2.4109669474584283,0.0736180050153642
0.8118118118118118,0.5131877731076808,2.4115034430684945,0.07299742066537204
0.8128128128128128,0.5137590701847117,2.4120451814203583,0.07309149026756438
0.8138138138138138,0.5143285946617421,2.412585913952996,0.07297727912562985
0.8148148148148148,0.5148238104572194,2.41308195366626,0.06371543798220798
0.8158158158158159,0.5153891895883075,2.413619117222253,0.06317193707928832
0.8168168168168168,0.5159554634692876,2.4141576349891043,0.0627233911954677
0.8178178178178178,0.5165225785321695,2.414697416722113,0.062364782295235045
0.8188188188188188,0.5170905965248607,2.4152384953832073,0.062103292628068116
0.8198198198198198,0.5176597960436066,2.415781120566015,0.061969439827753915
0.8208208208208209,0.518230865323199,2.416325946777836,0.06203777681750254
0.8218218218218218,0.5188050607632512,2.416874214885598,0.062442680096218076
0.8228228228228228,0.51937910681179,2.4174227381115436,0.06282781168602412
0.8238238238238238,0.5202263784518302,2.418211979530347,0.09360217097164882
0.8248248248248248,0.520793452455714,2.4187535976548316,0.09321046728289614
0.8258258258258259,0.5213609595392241,2.4192960933492405,0.09286227252223876
0.8268268268268268,0.5219288485475614,2.4198393980010127,0.09255249181693455
0.8278278278278278,0.5224970716142304,2.4203834504555406,0.09227626487422917
0.8288288288288288,0.5230566347376777,2.420908147946087,0.09149564284956084
0.8298298298298298,0.523355155246028,2.4212311959937147,0.060948936638592896
0.8308308308308309,0.5239248276271398,2.421778356330645,0.060856512482248756
0.8318318318318318,0.5244951314168111,2.422326470929497,0.060831157122501846
0.8328328328328328,0.5250665331620745,2.4228759697613858,0.06092294233524816
0.8338338338338338,0.5256547972181298,2.4234420521629696,0.06280950043355646
0.8348348348348348,0.5263146435675224,2.424048074473259,0.07335441562059
0.8358358358358359,0.5268748855866374,2.4245898911053367,0.07216562480597188
0.8368368368368369,0.5274447069219844,2.425139375188526,0.07206258877520835
0.8378378378378378,0.5279324960987368,2.425637360155693,0.06230707464404288
0.8388388388388388,0.5284947342656026,2.426180216473616,0.06141793184846771
0.8398398398398398,0.5290589520958189,2.4267254581557074,0.0607344172456407
0.8408408408408409,0.5299548893175245,2.427565505706701,0.0957968580678428
0.8418418418418419,0.5305222960045957,2.4281133563653383,0.09543240563417842
0.8428428428428428,0.531092351144333,2.428664564693232,0.09532803021251965
0.8438438438438438,0.5313366918240342,2.4289295197326783,0.06021155817045779
0.8448448448448448,0.5322381588312067,2.429774432303767,0.09567601006994782
0.8458458458458459,0.5327572215131192,2.4302611476201,0.09086427851460913
0.8468468468468469,0.5333249225585499,2.4308113571084204,0.09052249455695245
0.8478478478478478,0.5338933918078832,2.431362736060218,0.09025685345762992
0.8488488488488488,0.5344624759506093,2.431915108343258,0.09005205162678862
0.8498498498498498,0.5350318444665743,2.4324681218893778,0.08987476384357893
0.8508508508508509,0.5356009507349192,2.4330212186059983,0.08966952662004088
0.8518518518518519,0.5361696539110898,2.433574251273424,0.08942232458259787
0.8528528528528528,0.5367915809751757,2.4341940134984434,0.09409281663632488
0.8538538538538538,0.5373529751608699,2.434739658259296,0.09312181965365961
0.8548548548548548,0.5379149906516465,2.4352865214667,0.0922057936402611
0.8558558558558559,0.5384686604937563,2.4358145321473166,0.0908469956685228
0.8568568568568569,0.5390324717568112,2.4363640576977494,0.09010867316142501
0.8578578578578578,0.539597202438025,2.436914994081233,0.08945791303227349
0.8588588588588588,0.5401626522127048,2.437467090426858,0.0888758878207854
0.8598598598598598,0.5407840866831115,2.438087875313631,0.09345536766976685
0.8608608608608609,0.5413434680734271,2.438633914571441,0.09228048694132591
0.8618618618618619,0.5418949671929459,2.4391616992761835,0.0907121548379582
0.8628628628628628,0.5424573055362879,2.4397117147184786,0.08982439448963071
0.8638638638638638,0.5430210756956703,2.440263709713383,0.08907245794751249
0.8648648648648649,0.543325502286066,2.440617149536739,0.06034868673458713
0.8658658658658659,0.5442224930442486,2.4414554598416567,0.09443231367788463
0.8668668668668669,0.5447843388531994,2.442005790202635,0.09350539242829073
0.8678678678678678,0.5453523425231674,2.4425630946887757,0.09317089589604674
0.8688688688688688,0.5459277081182516,2.4431284872584476,0.09354784106036339
0.8698698698698699,0.546450473552073,2.443629377526661,0.08918156373073564
0.8708708708708709,0.5470763076926868,2.444257993199007,0.0940859391887888
0.8718718718718719,0.5476272942268698,2.444798746505521,0.09210242298345919
0.8728728728728729,0.5481715908502016,2.44532282349191,0.08984275599092244
0.8738738738738738,0.548729842876637,2.445872574797591,0.08854105564373542
0.8748748748748749,0.5492910476718283,2.446425842604228,0.08752139819715363
0.8758758758758759,0.5498542750640543,2.446981558511041,0.086696476722295
0.8768768768768769,0.5504189225021991,2.447539055304617,0.08600885859859911
0.8778778778778779,0.5509846478521917,2.4480979557412375,0.08542577448728575
0.8788788788788788,0.5515512033780691,2.4486579931488346,0.08492326451201286
0.8798798798798799,0.55211843615962,2.4492190018182574,0.08448650302524359
0.8808808808808809,0.5526862288076939,2.4497808561372305,0.08410404039312903
0.8818818818818819,0.5532544932740329,2.4503434619805837,0.08376726258232445
0.8828828828828829,0.5538231668716189,2.4509067528783017,0.08346997888012053
0.8838838838838838,0.5543922002654698,2.4514706738150496,0.08320739156922395
0.8848848848848849,0.5549615747495614,2.452035201140815,0.08297765716210978
0.8858858858858859,0.5555312556110488,2.452600295474263,0.08277739542238113
0.8868868868868869,0.5561012427660826,2.453165948892578,0.08260668217071186
0.8878878878878879,0.5566715389417087,2.4537321552305142,0.0824658988451497
0.8888888888888888,0.5572421637338731,2.4542989231143078,0.08235711107655692
0.8898898898898899,0.5578131517347666,2.454866271795189,0.08228395552836516
0.8908908908908909,0.558384562106859,2.455434239721929,0.08225257572164393
0.8918918918918919,0.5589564677670855,2.456002882020342,0.08227028345638554
0.8928928928928929,0.5595289568329812,2.456572264828685,0.0823459312569665
0.8938938938938938,0.5601020092065786,2.4571423795515184,0.08247688638511239
0.8948948948948949,0.5606752317667119,2.457712923088194,0.08262248438264863
0.8958958958958959,0.5612475886896534,2.4582830749007223,0.08267722461896113
0.8968968968968969,0.5618180620686786,2.458852026286693,0.0825381754714749
0.8978978978978979,0.562386973163686,2.4594200681744955,0.08223750243199501
0.8988988988988988,0.5629554763655886,2.4599881417070373,0.0818918643393801
0.8998998998998999,0.5635242895836396,2.4605568039606553,0.081574406614989
0.9009009009009009,0.5640935842429653,2.461126163714233,0.08130319463353311
0.9019019019019019,0.564663339592096,2.461696183247888,0.08107661532219572
0.9029029029029029,0.565233471270858,2.462266783029111,0.08088636673320129
0.9039039039039038,0.5658039244496608,2.462837908294057,0.08072711883287526
0.9049049049049049,0.5663746362466078,2.4634095050067395,0.08059251995361355
0.9059059059059059,0.5668809407505236,2.4639301929285375,0.07401049642915246
0.9069069069069069,0.5674518782677884,2.464502406025595,0.07390900344168677
0.9079079079079079,0.5680995604132797,2.4651343701621795,0.08151476243451986
0.9089089089089089,0.5686698495209788,2.4657066655316515,0.08133125945154643
0.9099099099099099,0.569241123446378,2.466279942515661,0.08124661043405326
0.9109109109109109,0.5698138132561892,2.4668544785228526,0.08130538696915306
0.9119119119119119,0.5703884670791702,2.4674306867848843,0.08156200253670035
0.9129129129129129,0.5709627005137669,2.4680069034719145,0.08177145189935511
0.9139139139139139,0.5715303305938132,2.468578637010668,0.08130819490345105
0.914914914914915,0.5720963836137218,2.4691498112302646,0.0806736440888016
0.9159159159159159,0.5726642524189056,2.4697227577929537,0.08021544944808899
0.9169169169169169,0.5731660328705297,2.470243273779073,0.07326082760931851
0.9179179179179179,0.5737358839864044,2.4708177154907363,0.07302673346815046
0.9189189189189189,0.5743060734925816,2.471392685611167,0.0728244122004484
0.91991991991992,0.574876612382025,2.471968184318331,0.07265504671871693
0.9209209209209209,0.575447526113084,2.4725442210061237,0.07252130674323805
0.9219219219219219,0.5760230270537161,2.473123763989476,0.07284741781545886
0.9229229229229229,0.5765927656562035,2.4736994851943535,0.07259123630952034
0.9239239239239239,0.5771629344584708,2.4742757924798804,0.07237589383752595
0.924924924924925,0.5777335238436587,2.474852667061143,0.07220061029915668
0.9259259259259259,0.5783045136631474,2.4754300855400584,0.07206346050352344
0.9269269269269269,0.5788758997977312,2.4760080399654294,0.07196399182911824
0.9279279279279279,0.5794476397336458,2.4765864954470294,0.07189791654016277
0.9289289289289289,0.5800194857770067,2.4771652814215175,0.07184020832028615
0.92992992992993,0.5806823389410711,2.4778126601670074,0.08069339764686605
0.9309309309309309,0.5812505977704189,2.4783897269915074,0.08025087908025805
0.9319319319319319,0.5818137699865473,2.4789646202339037,0.0792625632893966
0.9329329329329329,0.5823102750914644,2.4794852711336657,0.07192756764603565
0.933933933933934,0.5828792300468398,2.480063393346029,0.07156827848231084
0.934934934934935,0.58344927133326,2.4806425207949765,0.07131529855490314
0.9359359359359359,0.5840205127043179,2.4812227009879204,0.07118045973726457
0.9369369369369369,0.5845927315486368,2.481803770494786,0.07114149110480321
0.9379379379379379,0.5851631093139089,2.4823839043782194,0.07091512941067366
0.938938938938939,0.5857316264473624,2.4829631310342384,0.07049878830235508
0.93993993993994,0.5864081864758479,2.483621206434953,0.08059122789955867
0.9409409409409409,0.5871344043658547,2.4843499018554356,0.09427877561047715
0.9419419419419419,0.5877045890923299,2.484929720805543,0.09402937266282083
0.9429429429429429,0.5882751132071424,2.4855101344938495,0.09380746540971466
0.943943943943944,0.5888459211815317,2.486091080508497,0.09360827542111057
0.944944944944945,0.5894169789222922,2.4866725207702505,0.09342882170247976
0.9459459459459459,0.5899882208203742,2.4872543863675802,0.09326337921063879
0.9469469469469469,0.5905596049739291,2.4878366341772127,0.09310824574216939
0.9479479479479479,0.5911310762398518,2.4884192065760313,0.09295863654647568
0.948948948948949,0.5917026154877261,2.489002083683191,0.09281285568693864
0.94994994994995,0.5922741870209689,2.4895852289071025,0.09266779017612542
0.950950950950951,0.5928458285168204,2.4901686789049458,0.09252668286825454
0.9519519519519519,0.5934214600190441,2.4907562134777,0.09273191532289574
0.9529529529529529,0.5939534878598509,2.491291676842474,0.08948949842261003
0.953953953953954,0.5945229553236893,2.4918738935523277,0.08915174900295575
0.954954954954955,0.595092880130365,2.4924567884693323,0.08885206145257876
0.955955955955956,0.5956631746001219,2.4930402695168334,0.08858286174375742
0.9569569569569569,0.5962337988158788,2.493624294945005,0.08834062103148985
0.9579579579579579,0.5968047129603526,2.4942088231598376,0.088121838750883
0.958958958958959,0.597375867852376,2.4947938046457065,0.08792218715960083
0.95995995995996,0.5979472453331239,2.495379220062475,0.08774003587123289
0.960960960960961,0.5985188157620562,2.49596503772669,0.0875728156830561
0.9619619619619619,0.5990879408375761,2.496548940112603,0.0871856836198919
0.9629629629629629,0.5996591364481061,2.4971349029411103,0.08698047858940856
0.963963963963964,0.6002299369233803,2.497720757841323,0.08673770680936235
0.964964964964965,0.6008012954712135,2.4983073298108467,0.0865423453061244
0.965965965965966,0.6013306909644729,2.4988602722827795,0.08253103267317602
0.9669669669669669,0.6019009985770771,2.499446796068569,0.08222975659490026
0.9679679679679679,0.6024715263293975,2.500033744235614,0.08194578301415534
0.968968968968969,0.6030166473683275,2.5006052250486706,0.07919780736283488
0.96996996996997,0.6035879456675286,2.501193502242291,0.07897421949289733
0.970970970970971,0.6041593909588749,2.5017819253565174,0.07876832823196758
0.9719719719719719,0.6047309924394685,2.502370501291356,0.07858088215616513
0.9729729729729729,0.6053028310480167,2.502959355890438,0.07841701527747638
0.973973973973974,0.6058750636591265,2.5035487005644925,0.0782878238985337
0.974974974974975,0.6064478581533201,2.5041387282670464,0.07820624089010637
0.975975975975976,0.6070214327330379,2.504729626839525,0.07819116295075744
0.9769769769769769,0.6075961258312208,2.505321685642992,0.07827197460559898
0.9779779779779779,0.6081721568594819,2.5059150684982434,0.07846824653347742
0.978978978978979,0.6087481951545348,2.506508530270945,0.07866655459354946
0.97997997997998,0.6093202043905235,2.507099073752897,0.07849876281574278
0.980980980980981,0.6098879922907473,2.5076861951757845,0.07796106435446794
0.9819819819819819,0.6104569618045529,2.508275506006991,0.07749258910359247
0.9829829829829829,0.6110271242396189,2.5088659267157993,0.0771305205828692
0.983983983983984,0.6115977103065416,2.509456349552601,0.07682262598506792
0.984984984984985,0.6120910127815532,2.509993023411229,0.06939812760873731
0.985985985985986,0.6126630301289693,2.510585298759082,0.06921342422189887
0.986986986986987,0.6132351699276268,2.5111778650230416,0.06903773541827622
0.9879879879879879,0.6138074456239844,2.5117707277110712,0.06887235214902013
0.988988988988989,0.6143798384029644,2.512363873859123,0.06871546825828803
0.98998998998999,0.6149523575065367,2.512957306081181,0.068567986393618
0.990990990990991,0.6155249869749235,2.5135510124741716,0.06842840130687541
0.991991991991992,0.6160977344865384,2.5141449975021226,0.06829737695988718
0.992992992992993,0.6166706044115142,2.5147392596829805,0.06817539213606459
0.993993993993994,0.6172435871890262,2.515333793637427,0.06806146348287508
0.994994994994995,0.617816693210791,2.5159286024978624,0.06795660488926267
0.995995995995996,0.6183899192061431,2.516523681431564,0.0678605330665813
0.996996996996997,0.6189632689766003,2.5171190322613257,0.06777355138282988
0.997997997997998,0.6195367533958227,2.517714658157844,0.06769671875463404
0.998998998998999,0.620355402598404,2.5184856149263046,0.08960449461240735
1.0,0.6208121866312188,2.518991529801986,0.07926738494029066
